{"cameraMode":{"drawMode":0,"name":"Shaded","section":"Shading Mode"},"sceneLighting":true,"audioPlay":false,"sceneViewState":{"m_AlwaysRefresh":false,"showFog":true,"showSkybox":true,"showFlares":true,"showImageEffects":true,"showParticleSystems":true,"showVisualEffectGraphs":true,"m_FxEnabled":true},"in2DMode":false,"pivot":{"x":97.08203887939453,"y":-1.22676420211792,"z":107.96178436279297},"rotation":{"x":0.13641485571861268,"y":0.33518314361572268,"z":-0.04911671578884125,"w":0.9309301972389221},"size":14.496505737304688,"orthographic":true}